<?xml version="1.0" encoding="UTF-8"?>
<Configuration status="WARN">
    <Appenders>
        <Console name="Console" target="SYSTEM_OUT">
            <PatternLayout pattern="%d{HH:mm:ss.SSS} [%t] %-5level %logger{2} - %msg%n" />
        </Console>
        <File name="log-file" fileName="my-app.log">
        <PatternLayout pattern="%d{HH:mm:ss.SSS} [%t] %-4level %logger{2} - %msg%n" />
        </File>
    </Appenders>
    <Loggers>
        <Logger name="com.ssa.ironyard" level="debug">
        <AppenderRef ref ="log-file"/>
        <!-- takes precedence over root level -->
          </Logger> 
        <Root level="warn">
            <AppenderRef ref="Console" />
        </Root>
    </Loggers>
</Configuration>